{"cameraMode":{"drawMode":0,"name":"Shaded","section":"Shading Mode"},"sceneLighting":true,"audioPlay":false,"sceneViewState":{"showFog":true,"showMaterialUpdate":false,"showSkybox":true,"showFlares":true,"showImageEffects":true,"showParticleSystems":true},"in2DMode":false,"pivot":{"x":-5.670000076293945,"y":-2.5999999046325685,"z":-9.989999771118164},"rotation":{"x":-0.1386384218931198,"y":0.0759756788611412,"z":-0.010667656548321247,"w":-0.9873690605163574},"size":10.0,"orthographic":false}